SMILES,num_atoms,U0,gap
C,5,-40.47893,0.5048
N,4,-56.525887,0.3399
O,3,-76.4047,0.3615
C#C,4,-77.308426,0.3351
C#N,3,-93.41189,0.3796
C=O,4,-114.48361,0.2263
CC,8,-79.76415,0.4426
CO,6,-115.67914,0.3437
CC#C,7,-116.60955,0.3222
CC#N,6,-132.71815,0.364
CC=O,7,-153.78761,0.2342
NC=O,6,-169.8608,0.2845
CCC,11,-119.052475,0.4179
CCO,9,-154.97273,0.3417
COC,9,-154.96036,0.3435
C1CC1,9,-117.8248,0.393
C1CO1,7,-153.74257,0.3724
CC(C)=O,10,-193.08833,0.2344
CC(N)=O,9,-209.1593,0.2783
NC(N)=O,8,-225.22147,0.3051
CC(C)C,14,-158.34235,0.401
CC(C)O,12,-194.26723,0.3351
C#CC#C,6,-153.45984,0.2386
C#CC#N,5,-169.55775,0.2559
N#CC#N,4,-185.64853,0.277
O=CC#C,6,-190.62463,0.2042
O=CC#N,5,-206.72186,0.2066
O=CC=O,6,-227.79878,0.1555
CC#CC,10,-155.90894,0.3096
CCC#C,10,-155.89734,0.3157
CCC#N,9,-172.00613,0.3553
NCC#N,8,-188.04207,0.2855
OCC#C,8,-191.81091,0.2872
OCC#N,7,-207.91678,0.3039
CCC=O,10,-193.0752,0.2295
CNC=O,9,-209.14491,0.2851
COC=O,8,-229.0138,0.2888
OCC=O,8,-228.99261,0.2196
CCCC,14,-158.34094,0.4107
CCCO,12,-194.2611,0.3429
CCOC,12,-194.25412,0.3428
OCCO,10,-230.18307,0.3179
CC1CC1,12,-157.11673,0.3738
CC1CO1,10,-193.0396,0.3685
CN1CC1,11,-173.14778,0.3271
OC1CC1,10,-193.03499,0.3166
C1CCC1,12,-157.11548,0.3938
C1COC1,10,-193.03409,0.3283
CC(C)=NO,12,-248.37524,0.2584
N1C=CC=C1,10,-210.10179,0.2528
N1C=CN=C1,9,-226.16084,0.2585
O1C=CC=C1,9,-229.96913,0.2445
O1C=CN=C1,8,-246.02914,0.2519
CC(C)(C)C,17,-197.63222,0.3882
CC(C)(C)O,15,-233.56062,0.3265
CC(=O)C#C,9,-229.92728,0.2079
CC(=O)C#N,8,-246.02739,0.2118
NC(=O)C#C,8,-245.99788,0.2352
CC(=O)C=O,9,-267.10336,0.1574
NC(=O)C=O,8,-283.16873,0.177
CC(C)C#C,13,-195.18677,0.316
CC(C)C#N,12,-211.29579,0.3545
CC(N)C#N,11,-227.33807,0.2983
CC(O)C#C,11,-231.10837,0.3001
CC(O)C#N,10,-247.21486,0.3166
CC(C)C=O,13,-232.36494,0.2281
CC(O)C=O,11,-268.28766,0.2271
CN(C)C=O,12,-248.43037,0.2751
CC(=O)CO,11,-268.30118,0.2437
CCC(C)=O,13,-232.3777,0.2351
CCC(N)=O,12,-248.44847,0.2793
CNC(C)=O,12,-248.4435,0.2805
CNC(N)=O,11,-264.5045,0.3034
COC(C)=N,12,-248.41646,0.2948
COC(C)=O,11,-268.32126,0.2859
COC(N)=O,10,-284.3852,0.3244
NC(=O)CO,10,-284.36032,0.2733
CC(C)CO,15,-233.55139,0.3418
CC(O)CO,13,-269.47925,0.3228
CCC(C)C,17,-197.6294,0.3934
CCC(C)O,15,-233.55595,0.335
COC(C)C,15,-233.5459,0.3336
CC1(C)CC1,15,-196.40935,0.3526
CC1(C)CO1,13,-232.33577,0.3505
CC1(O)CC1,13,-232.3334,0.327
N=C1CCO1,10,-247.20117,0.2907
O=C1CCC1,11,-231.15578,0.2222
O=C1CCN1,10,-247.22562,0.288
O=C1CCO1,9,-267.1062,0.2878
O=C1CNC1,10,-247.1902,0.2179
O=C1COC1,9,-267.06848,0.2295
CC1CCC1,15,-196.40796,0.3823
CC1CCO1,13,-232.33122,0.3325
CC1COC1,13,-232.32594,0.3233
OC1CCC1,13,-232.33325,0.3361
OC1COC1,11,-268.24838,0.3069
CC1CC1C,15,-196.40642,0.3573
CC1CC1O,13,-232.32907,0.334
CC1CN1C,14,-212.43819,0.313
CC1OC1C,13,-232.33444,0.3557
OC1CC1O,11,-268.25113,0.3011
C1C2CC1C2,13,-195.15874,0.4056
C1C2CC1O2,11,-231.06932,0.3346
C#CCC#C,9,-192.7361,0.2978
C#CCC#N,8,-208.84235,0.3022
N#CCC#N,7,-224.94466,0.3344
O=CCC#C,9,-229.918,0.2245
O=CCC#N,8,-246.02322,0.23
N=CNC=O,9,-263.28073,0.2276
N=COC=O,8,-283.15665,0.2636
O=CNC=O,8,-283.17978,0.2191
CC#CC#C,9,-192.76245,0.2335
CC#CC#N,8,-208.86327,0.2494
CC#CC=O,9,-229.92845,0.2051
CC#CCO,11,-231.1114,0.2789
CCC#CC,13,-195.19675,0.3033
COC=NC,12,-248.3953,0.2732
CCCC#C,13,-195.18623,0.3169
CCCC#N,12,-211.29517,0.355
CNCC#N,11,-227.32477,0.2698
COCC#C,11,-231.09221,0.2889
COCC#N,10,-247.198,0.2939
OCCC#C,11,-231.10631,0.3174
OCCC#N,10,-247.21445,0.3237
CCCC=O,13,-232.36363,0.2292
CCNC=O,12,-248.43607,0.2834
CCOC=O,11,-268.30786,0.2868
COCC=O,11,-268.27325,0.2295
OCCC=O,11,-268.28265,0.225
CCCCC,17,-197.62941,0.403
CCCCO,15,-233.54936,0.3428
CCCOC,15,-233.54245,0.3426
CCOCC,15,-233.54788,0.3414
COCCO,13,-269.46527,0.3431
OCCCO,13,-269.4684,0.3386
C#CC1CC1,11,-193.96332,0.2928
C#CC1CN1,10,-210.00157,0.2744
C#CC1CO1,9,-229.8796,0.2839
N#CC1CC1,10,-210.07147,0.322
N#CC1CN1,9,-226.10721,0.2851
N#CC1CO1,8,-245.98337,0.3004
O=CC1CC1,11,-231.14516,0.2329
O=CC1CN1,10,-247.18434,0.2258
O=CC1CO1,9,-267.06033,0.2217
O=CN1CC1,10,-247.19252,0.2542
CCC1CC1,15,-196.40532,0.3709
CCC1CO1,13,-232.32817,0.3599
CCN1CC1,14,-212.43929,0.3249
COC1CC1,13,-232.3174,0.3395
OCC1CC1,13,-232.32497,0.339
OCC1CN1,12,-248.36436,0.3113
OCC1CO1,11,-268.2488,0.3418
C1CC=CC1,13,-195.22607,0.2661
C1CN=CO1,10,-247.21504,0.272
C1OCC=C1,11,-231.14258,0.2491
C1CCCC1,15,-196.43283,0.3922
C1CCOC1,13,-232.35176,0.3304
C1COCO1,11,-268.27374,0.3437
C1C2CCC12,13,-195.17973,0.3506
C1C2COC12,11,-231.0931,0.319
C1CC2OC12,11,-231.10211,0.3468
N1C=CC=N1,9,-226.14438,0.2677
N1C=CN=N1,8,-242.18015,0.2618
N1C=NC=N1,8,-242.20563,0.2764
N1C=NN=C1,8,-242.19635,0.2715
N1N=CC=N1,8,-242.186,0.2687
O1C=CC=N1,8,-245.99406,0.2538
O1C=CN=N1,7,-262.03513,0.2422
O1C=NC=N1,7,-262.05652,0.2719
O1C=NN=C1,7,-262.0655,0.2711
O1C=NN=N1,6,-278.07578,0.2667
O1N=CC=N1,7,-262.01773,0.2698
O1N=CN=N1,6,-278.05933,0.2563
O1N=NN=N1,5,-294.0816,0.2598
CC(=NO)C#C,11,-285.21796,0.2068
CC(CO)=NO,13,-323.5857,0.2567
CCC(C)=NO,15,-287.6626,0.2562
ON=C1CCC1,13,-286.43808,0.2479
ON=C1CNC1,12,-302.4724,0.2326
ON=C1COC1,11,-322.35104,0.2452
FC(F)(F)F,5,-437.48486,0.6221
O=C1NC=CN1,10,-301.40555,0.2357
O=C1NC=CO1,9,-321.27628,0.2422
O=C1OC=CO1,8,-341.14563,0.2556
CC1=CC=CN1,13,-249.39737,0.243
CC1=CC=CO1,12,-269.26758,0.2363
CC1=CN=CO1,11,-285.32825,0.243
CC1=NC=CO1,11,-285.33017,0.2453
NC1=CC=CN1,12,-265.44162,0.2406
NC1=CC=CO1,11,-285.3136,0.2241
NC1=CN=CO1,10,-301.3735,0.2251
NC1=NC=CO1,10,-301.38113,0.2373
OC1=CC=CN1,11,-285.3202,0.2449
OC1=CN=CN1,10,-301.378,0.247
OC1=NC=CN1,10,-301.3892,0.2555
CC1=CNC=C1,13,-249.39532,0.2515
CC1=CNC=N1,12,-265.45743,0.2533
CC1=COC=C1,12,-269.2635,0.2434
CC1=COC=N1,11,-285.32672,0.2468
NC1=CNC=C1,12,-265.4385,0.2299
NC1=CNC=N1,11,-281.50458,0.2241
NC1=COC=C1,11,-285.307,0.2237
NC1=COC=N1,10,-301.37384,0.2164
OC1=CNC=C1,11,-285.3164,0.2364
OC1=CNC=N1,10,-301.38544,0.2321
OC1=COC=N1,9,-321.2528,0.2252
CN1C=CC=C1,13,-249.3875,0.2469
CN1C=CN=C1,12,-265.44727,0.2541
C1=CC=CC=C1,12,-232.16458,0.2503
C1=CC=NC=C1,11,-248.21193,0.2293
C1=CN=CC=N1,10,-264.2556,0.1982
C1=CN=CN=C1,10,-264.26184,0.2116
C1=NC=NC=N1,9,-280.3141,0.2214
CC(C)(C)C#C,16,-234.47652,0.3214
CC(C)(C)C#N,15,-250.58585,0.3594
CC(C)(N)C#N,14,-266.6306,0.3024
CC(C)(O)C#C,14,-270.39908,0.3014
CC(C)(O)C#N,13,-286.5063,0.3148
CC(C)(C)C=O,16,-271.65637,0.2291
CC(C)(O)C=O,14,-307.58203,0.2265
CC(C)(C)CO,18,-272.84134,0.3363
CC(C)(O)CO,16,-308.76956,0.3346
CCC(C)(C)C,20,-236.91747,0.378
CCC(C)(C)O,18,-272.84753,0.3259
COC(C)(C)C,18,-272.8356,0.3245
CC#CC(C)=O,12,-269.23026,0.2082
CC#CC(N)=O,11,-285.30045,0.2342
CC#CC(C)C,16,-234.48618,0.3036
CC#CC(C)O,14,-270.40872,0.2908
CC(=O)CC#C,12,-269.21933,0.2275
CC(=O)CC#N,11,-285.32465,0.237
NC(=O)CC#C,11,-285.2879,0.2742
NC(=O)CC#N,10,-301.39487,0.2792
CC(=N)NC=O,12,-302.58856,0.2434
CC(=N)OC=O,11,-322.46066,0.2472
CC(=O)CC=O,12,-306.39764,0.2124
CC(=O)NC=N,12,-302.57965,0.2283
CC(=O)NC=O,11,-322.47977,0.2213
CC(=O)OC=N,11,-322.46472,0.2533
NC(=O)CC=O,11,-322.46985,0.2223
NC(=O)NC=N,11,-318.6419,0.2484
NC(=O)NC=O,10,-338.54297,0.242
NC(=O)OC=N,10,-338.53152,0.2767
CC(C)CC#C,16,-234.47607,0.3143
CC(C)CC#N,15,-250.58519,0.3507
CC(O)CC#C,14,-270.40106,0.3167
CC(O)CC#N,13,-286.50836,0.3214
CN(C)CC#N,14,-266.60913,0.2588
CC(C)CC=O,16,-271.6532,0.2284
CC(C)NC=O,15,-287.72787,0.2832
CC(C)OC=O,14,-307.60208,0.2863
CC(O)CC=O,14,-307.57782,0.2232
CN(C)CC=O,15,-287.6812,0.2016
CC(=O)CCO,14,-307.58603,0.2348
CCCC(C)=O,16,-271.66605,0.2345
CCCC(N)=O,15,-287.73685,0.2789
CCNC(C)=O,15,-287.73465,0.2783
CCNC(N)=O,14,-303.7957,0.3025
CCOC(C)=O,14,-307.61487,0.285
CCOC(N)=O,13,-323.6788,0.3235
COCC(C)=O,14,-307.57193,0.2347
COCC(N)=O,13,-323.64136,0.2738
NC(=O)CCO,13,-323.6573,0.2798
[NH3+]CCC([O-])=O,13,-323.58295,0.1338
CC(C)CCO,18,-272.83755,0.342
CC(O)CCO,16,-308.76465,0.3302
CCCC(C)C,20,-236.91766,0.3901
CCCC(C)O,18,-272.84457,0.3352
CCOC(C)C,18,-272.83957,0.3333
COCC(C)C,18,-272.8327,0.3384
COCC(C)O,16,-308.75912,0.3359
CC(=O)C(C)=O,12,-306.4066,0.1582
CC(=O)C(N)=O,11,-322.48267,0.1784
NC(=[NH2+])C([O-])=O,10,-338.53006,0.1973
NC(=O)C(N)=O,10,-338.55997,0.21
CC(C)C(C)=O,16,-271.66516,0.2308
CC(C)C(N)=O,15,-287.7375,0.278
CC(O)C(C)=O,14,-307.59415,0.2371
CC(O)C(N)=O,13,-323.666,0.2786
CN(C)C(C)=O,15,-287.72385,0.2696
CN(C)C(N)=O,14,-303.78583,0.2909
CC(C)C(C)C,20,-236.91603,0.3838
CC(C)C(C)O,18,-272.84375,0.3297
CC(O)C(C)O,16,-308.77228,0.3208
CC1(C)CCC1,18,-235.69904,0.3649
CC1(C)CCO1,16,-271.6267,0.3205
CC1(C)COC1,16,-271.61816,0.3154
CC1(O)CCC1,16,-271.62784,0.3269
CC1(O)COC1,14,-307.5447,0.3076
CC1(C)CC1O,16,-271.62195,0.3327
CC1(O)CC1O,14,-307.54614,0.3221
CC1CC1(C)C,18,-235.69899,0.3445
CC1CC1(C)O,16,-271.62396,0.3256
CC1OC1(C)C,16,-271.6304,0.3468
CN1CC1(C)C,17,-251.73283,0.3063
CC1CC(=N)O1,13,-286.49823,0.2903
CC1CC(=O)C1,14,-270.44693,0.2231
CC1CC(=O)N1,13,-286.51974,0.2852
CC1CC(=O)O1,12,-306.40314,0.2861
CN1CC(=O)C1,13,-286.47647,0.2071
OC1CC(=O)C1,12,-306.36963,0.2214
CC1CC(C)C1,18,-235.70029,0.3739
CC1CC(C)O1,16,-271.62836,0.3341
CC1CC(O)C1,16,-271.62463,0.3318
CN1CC(O)C1,15,-287.65704,0.3034
OC1CC(O)C1,14,-307.5486,0.3216
CC12CC(C1)C2,16,-234.45543,0.3917
CC12CC(C1)O2,14,-270.37012,0.3319
CC12CN(C1)C2,15,-250.47885,0.3091
OC12CC(C1)C2,14,-270.38272,0.3397
OC12CN(C1)C2,13,-286.40848,0.3126
O=C(C#C)C#C,8,-266.76346,0.1902
O=C(C#C)C#N,7,-282.8611,0.1947
O=C(C#N)C#N,6,-298.95294,0.1977
O=CC(=O)C#C,8,-303.93433,0.1491
O=CC(=O)C#N,7,-320.02985,0.1475
O=CC(=O)C=O,8,-341.09744,0.1151
CC(C#C)C#C,12,-232.02592,0.2962
CC(C#C)C#N,11,-248.1327,0.2995
CC(C#N)C#N,10,-264.2358,0.3304
NC(C#C)C#N,10,-264.17194,0.2768
NC(C#N)C#N,9,-280.27368,0.2758
OC(C#C)C#C,10,-267.94427,0.2747
OC(C#C)C#N,9,-284.0487,0.2821
OC(C#N)C#N,8,-300.1489,0.3
CC(C=O)C#C,12,-269.2077,0.2213
CC(C=O)C#N,11,-285.3133,0.2256
OC(C=O)C#C,10,-305.1302,0.2216
OC(C=O)C#N,9,-321.23358,0.234
CC(C=O)C=O,12,-306.3833,0.1986
CN(C=N)C=O,12,-302.5797,0.2424
CN(C=O)C=O,11,-322.47726,0.2374
OC(C=O)C=O,10,-342.3077,0.1986
CN=C(N)C#N,11,-281.481,0.2223
CN=C(N)C=O,12,-302.5644,0.187
CCC(=O)C#C,12,-269.21698,0.2087
CCC(=O)C#N,11,-285.31744,0.2122
CNC(=N)C#N,11,-281.48486,0.2121
CNC(=O)C#C,11,-285.28253,0.2349
COC(=O)C#C,10,-305.15598,0.2382
COC(=O)C#N,9,-321.25497,0.248
OCC(=O)C#C,10,-305.1303,0.2088
OCC(=O)C#N,9,-321.23004,0.2122
CCC(=O)C=O,12,-306.39282,0.1571
CNC(=N)C=O,12,-302.55853,0.1707
CNC(=O)C=O,11,-322.45407,0.178
COC(=O)C=O,10,-342.32922,0.1821
OCC(=O)C=O,10,-342.29785,0.1563
CCC(=O)CC,16,-271.66684,0.2356
CCC(=O)CO,14,-307.58008,0.2356
CCC(=O)NC,15,-287.73233,0.28
CCC(=O)OC,14,-307.61044,0.2871
CNC(=O)CO,13,-323.64447,0.2707
CNC(=O)NC,14,-303.7872,0.3052
CNC(=O)OC,13,-323.6692,0.3158
COC(=O)CN,13,-323.65228,0.2616
COC(=O)CO,12,-343.53168,0.2737
OCC(=O)CO,12,-343.4925,0.2348
COC(C)=NC,15,-287.69733,0.2761
CC(CO)C#C,14,-270.3961,0.3166
CC(CO)C#N,13,-286.50455,0.3246
CCC(C)C#C,16,-234.47409,0.3157
CCC(C)C#N,15,-250.58325,0.3527
CCC(N)C#N,14,-266.62677,0.298
CCC(O)C#C,14,-270.39746,0.2982
CCC(O)C#N,13,-286.50403,0.3145
CNC(C)C#N,14,-266.61545,0.2711
COC(C)C#C,14,-270.3842,0.2933
COC(C)C#N,13,-286.49503,0.3042
NC(CO)C#N,12,-302.5451,0.2834
NCC(N)C#N,13,-282.66718,0.28
NCC(O)C#N,12,-302.54556,0.2627
OCC(O)C#C,12,-306.3208,0.2813
OCC(O)C#N,11,-322.42523,0.2839
CC(CO)C=O,14,-307.5749,0.2304
CCC(C)C=O,16,-271.65192,0.227
CCC(O)C=O,14,-307.582,0.2365
CCN(C)C=O,15,-287.7204,0.2735
COC(C)C=O,14,-307.5666,0.2269
OCC(O)C=O,12,-343.5036,0.2186
CC(CO)CO,16,-308.7591,0.3342
CCC(C)CC,20,-236.91612,0.3874
CCC(C)CO,18,-272.8382,0.3408
CCC(C)OC,18,-272.83463,0.3341
CCC(O)CC,18,-272.84482,0.3342
CCC(O)CO,16,-308.76807,0.3178
COC(C)CO,16,-308.75732,0.3335
OCC(O)CO,14,-344.68924,0.3096
CC1(CC1)C#C,14,-233.25526,0.2972
CC1(CC1)C#N,13,-249.36382,0.3224
CC1(CN1)C#C,13,-249.29305,0.2885
CC1(CN1)C#N,12,-265.39996,0.2969
CC1(CO1)C#C,12,-269.17612,0.2879
CC1(CO1)C#N,11,-285.28104,0.3038
NC1(CC1)C#N,12,-265.40814,0.3012
OC1(CC1)C#C,12,-269.17645,0.2774
OC1(CC1)C#N,11,-285.28287,0.2964
CC1(CC1)C=O,14,-270.43915,0.2341
CC1(CN1)C=O,13,-286.47736,0.2249
CC1(CO1)C=O,12,-306.35858,0.2218
OC1(CC1)C=O,12,-306.3642,0.2204
CC1(CO)CC1,16,-271.61813,0.3373
CC1(CO)CN1,15,-287.66318,0.3186
CC1(CO)CO1,14,-307.54572,0.3421
CCC1(C)CC1,18,-235.69667,0.3486
CCC1(C)CO1,16,-271.62308,0.3465
CCC1(O)CC1,16,-271.62183,0.3242
COC1(C)CC1,16,-271.61136,0.3348
OCC1(O)CC1,14,-307.5443,0.306
CC1CCC1=O,14,-270.44727,0.2211
CC1CNC1=O,13,-286.5171,0.2825
CC1COC1=N,13,-286.49304,0.2899
CC1COC1=O,12,-306.39774,0.2825
CC1NCC1=O,13,-286.4849,0.2182
CC1OCC1=O,12,-306.36517,0.2252
CN1CCC1=O,13,-286.51492,0.2809
NC1COC1=N,12,-302.5356,0.2687
NC1COC1=O,11,-322.43948,0.2493
OC1CCC1=O,12,-306.3685,0.2226
OC1CNC1=O,11,-322.43677,0.2679
OC1COC1=N,11,-322.41293,0.284
OC1COC1=O,10,-342.31555,0.2616
CC1CCC1C,18,-235.69685,0.3663
CC1CCC1O,16,-271.62253,0.3274
CC1COC1C,16,-271.621,0.3248
CC1OCC1O,14,-307.54474,0.3069
OC1CCC1O,14,-307.55035,0.3067
N=C1CN=CN1,11,-281.49197,0.2275
O=C1CC=CC1,12,-269.2638,0.2245
O=C1CC=CN1,11,-285.33588,0.2152
O=C1CN=CN1,10,-301.396,0.2318
O=C1CN=CO1,9,-321.2714,0.2478
N=C1OCC=C1,11,-285.31183,0.216
O=C1CCC=C1,12,-269.27133,0.1938
O=C1NCC=C1,11,-285.33673,0.2166
N=C1CCCO1,13,-286.51617,0.2866
N=C1COCO1,11,-322.4341,0.2907
N=C1OCCO1,11,-322.44415,0.3105
O=C1CCCC1,14,-270.47247,0.2226
O=C1CCCN1,13,-286.5424,0.2747
O=C1CCCO1,12,-306.41852,0.2795
O=C1CCOC1,12,-306.3866,0.2186
O=C1COCO1,10,-342.33524,0.2772
O=C1NCCN1,12,-302.59927,0.3086
O=C1NCCO1,11,-322.4767,0.3152
O=C1OCCO1,10,-342.35226,0.3336
CC1=CCCC1,16,-234.5225,0.2608
CC1=CCOC1,14,-270.43927,0.2501
CC1=NCCO1,13,-286.51688,0.2718
CC1CC=CC1,16,-234.51624,0.2648
CC1CN=CO1,13,-286.51053,0.2721
OC1CC=CC1,14,-270.4413,0.267
CC1CCC=C1,16,-234.5164,0.2642
CC1COC=N1,13,-286.50824,0.2712
CC1OCC=C1,14,-270.43762,0.2484
OC1CCC=C1,14,-270.44113,0.2633
CC1CCCC1,18,-235.72379,0.3872
CC1CCCO1,16,-271.64746,0.3246
CC1CCOC1,16,-271.6429,0.322
CC1COCO1,14,-307.56924,0.3406
CC1OCCO1,14,-307.57336,0.3439
OC1CCCC1,16,-271.6484,0.3338
OC1CCOC1,14,-307.56625,0.314
CC1C(C)C1C,18,-235.69421,0.3412
CC1C(C)C1O,16,-271.6186,0.3165
CC1C(C)N1C,17,-251.7271,0.293
CC1C(O)C1O,14,-307.54077,0.2838
OC1C(O)C1O,12,-343.46832,0.3058
CC12CC1CC2,16,-234.47495,0.338
CC12CC1CO2,14,-270.39246,0.3155
CC12CC1OC2,14,-270.3882,0.3098
CC12CCC1O2,14,-270.4014,0.3397
OC12CC1CC2,14,-270.3976,0.3309
OC12CC1OC2,12,-306.30902,0.3024
C#CC#CC#C,8,-229.61545,0.19
C#CC#CC#N,7,-245.7119,0.199
N#CC#CC#N,6,-261.80295,0.2113
C#CCCC#C,12,-232.03035,0.3006
C#CCCC#N,11,-248.13779,0.3014
N#CCCC#N,10,-264.24304,0.3384
O=CC#CC#C,8,-266.77744,0.1828
O=CC#CC#N,7,-282.87167,0.1843
O=CC#CC=O,8,-303.94028,0.1966
N=COCC#C,11,-285.2421,0.2834
N=COCC#N,10,-301.34567,0.2828
O=CCCC#C,12,-269.2069,0.2247
O=CCCC#N,11,-285.31366,0.2276
O=CNCC#C,11,-285.27664,0.2752
O=CNCC#N,10,-301.38205,0.2772
O=COCC#C,10,-305.145,0.2768
O=COCC#N,9,-321.2473,0.2797
N=COCC=O,11,-322.42133,0.2165
O=CCCC=O,12,-306.38428,0.2193
O=CCNC=O,11,-322.45624,0.2203
O=CCOC=O,10,-342.3242,0.226
CC#CC#CC,12,-232.0639,0.2291
CC#CCC#C,12,-232.03638,0.2901
CC#CCC#N,11,-248.14386,0.2899
CC#CCC=O,12,-269.21857,0.2194
CN=CNC=O,12,-302.56732,0.2236
CN=COC=O,11,-322.44272,0.2532
CCC#CC#C,12,-232.05034,0.2313
CCC#CC#N,11,-248.15132,0.2468
OCC#CC#C,10,-267.96338,0.2202
OCC#CC#N,9,-284.06296,0.2323
CCC#CC=O,12,-269.2165,0.2053
OCC#CC=O,10,-305.12994,0.2057
CCC#CCC,16,-234.48453,0.2979
CCC#CCO,14,-270.3993,0.279
OCC#CCO,12,-306.31372,0.2807
CCN=COC,15,-287.68314,0.2729
CC#CCCO,14,-270.40598,0.305
CCCC#CC,16,-234.48564,0.3043
COCC#CC,14,-270.39276,0.2837
CCOC=NC,15,-287.68927,0.2729
CCCCC#C,16,-234.47461,0.3166
CCCCC#N,15,-250.58365,0.354
CCNCC#N,14,-266.61633,0.2706
CCOCC#C,14,-270.38614,0.2893
CCOCC#N,13,-286.49222,0.2934
COCCC#C,14,-270.3874,0.3131
COCCC#N,13,-286.49542,0.3075
OCCCC#C,14,-270.3939,0.3158
OCCCC#N,13,-286.50244,0.3174
CCCCC=O,16,-271.65225,0.2292
CCCNC=O,15,-287.7247,0.2832
CCCOC=O,14,-307.59647,0.2866
CCOCC=O,14,-307.5673,0.2294
COCCC=O,14,-307.56354,0.2285
OCCCC=O,14,-307.57193,0.2303
OCCNC=O,13,-323.6471,0.2828
OCCOC=N,13,-323.6149,0.2847
OCCOC=O,12,-343.51785,0.2843
CCCCCC,20,-236.91788,0.3957
CCCCCO,18,-272.83792,0.3427
CCCCOC,18,-272.83072,0.3409
CCCOCC,18,-272.8362,0.3409
CCOCCO,16,-308.7592,0.3431
COCCCO,16,-308.74982,0.3295
COCCOC,16,-308.7419,0.336
OCCCCO,16,-308.758,0.3388
C#CC1CCC1,14,-233.25375,0.3045
C#CC1CCO1,12,-269.1705,0.274
C#CC1COC1,12,-269.17007,0.2907
N#CC1CCC1,13,-249.36238,0.3367
N#CC1CCN1,12,-265.39856,0.267
N#CC1CCO1,11,-285.27594,0.2783
N#CC1COC1,11,-285.27646,0.2867
O=CC1CCC1,14,-270.43124,0.2229
O=CC1CCO1,12,-306.34955,0.2129
O=CC1COC1,12,-306.3472,0.2215
O=CN1CCC1,13,-286.49878,0.2661
CN=C1CCO1,13,-286.48413,0.28
CCC1CCC1,18,-235.69623,0.3752
CCC1CCO1,16,-271.62015,0.3276
CCC1COC1,16,-271.61432,0.3194
COC1CCC1,16,-271.61276,0.3316
COC1COC1,14,-307.52844,0.3167
OCC1CCC1,16,-271.6164,0.3388
OCC1CCO1,14,-307.54196,0.3174
OCC1COC1,14,-307.5345,0.3118
C#CCC1CC1,14,-233.24954,0.314
C#CCC1CO1,12,-269.17065,0.3095
C#CCN1CC1,13,-249.28107,0.2771
N#CCC1CC1,13,-249.35844,0.3375
N#CCC1CN1,12,-265.39618,0.2878
N#CCC1CO1,11,-285.2779,0.3149
N#CCN1CC1,12,-265.38678,0.281
N=COC1CC1,13,-286.46722,0.2799
O=CCC1CC1,14,-270.4278,0.2258
O=CCC1CN1,13,-286.46686,0.2221
O=CCC1CO1,12,-306.34903,0.2249
O=CCN1CC1,13,-286.45978,0.2245
O=CNC1CC1,13,-286.49863,0.2757
O=COC1CC1,12,-306.37012,0.2785
CC#CC1CC1,14,-233.26276,0.2837
CC#CC1CN1,13,-249.30182,0.2698
CC#CC1CO1,12,-269.1807,0.276
CCCC1CC1,18,-235.69383,0.3661
CCCC1CO1,16,-271.61673,0.3582
CCCN1CC1,17,-251.72763,0.3227
CCOC1CC1,16,-271.6112,0.3376
COCC1CC1,16,-271.60635,0.3419
COCC1CN1,15,-287.64566,0.3228
COCC1CO1,14,-307.52692,0.3412
OCCC1CC1,16,-271.6139,0.3424
OCCC1CO1,14,-307.53653,0.343
OCCN1CC1,15,-287.6514,0.333
CC1CC1C#C,14,-233.25539,0.2907
CC1CC1C#N,13,-249.36395,0.3174
CC1NC1C#C,13,-249.2944,0.2832
CC1NC1C#N,12,-265.40115,0.2936
CC1OC1C#C,12,-269.17697,0.281
CC1OC1C#N,11,-285.2815,0.2951
CN1CC1C#C,13,-249.28502,0.2631
CN1CC1C#N,12,-265.39148,0.2692
OC1CC1C#C,12,-269.17725,0.2864
OC1CC1C#N,11,-285.28445,0.3029
CC1CC1C=O,14,-270.4344,0.2288
CC1CN1C=O,13,-286.48657,0.2544
CC1NC1C=O,13,-286.47452,0.222
CC1OC1C=O,12,-306.35388,0.2169
CN1CC1C=O,13,-286.46347,0.1969
OC1CC1C=O,12,-306.35565,0.2289
CC1CC1CO,16,-271.61404,0.3366
CC1NC1CO,15,-287.66058,0.3186
CC1OC1CO,14,-307.5432,0.3423
CCC1CC1C,18,-235.6948,0.357
CCC1CC1O,16,-271.61743,0.3338
CCC1CN1C,17,-251.72617,0.3065
CCC1OC1C,16,-271.62283,0.3538
CCN1CC1C,17,-251.72957,0.3128
CN1CC1CO,15,-287.64407,0.2927
COC1CC1C,16,-271.60886,0.3346
COC1CC1O,14,-307.5293,0.3028
OCC1CC1O,14,-307.53693,0.329
CC(=O)C1CC1,14,-270.4466,0.2339
CC(=O)C1CN1,13,-286.4865,0.2334
CC(=O)C1CO1,12,-306.36145,0.224
CC(=O)N1CC1,13,-286.49237,0.253
NC(=O)C1CC1,13,-286.51743,0.2784
NC(=O)C1CN1,12,-302.5579,0.2697
NC(=O)C1CO1,11,-322.43552,0.2627
NC(=O)N1CC1,12,-302.5587,0.2831
CC(C)C1CC1,18,-235.69531,0.3665
CC(C)C1CO1,16,-271.61642,0.3501
CC(C)N1CC1,17,-251.73155,0.3196
CC(O)C1CC1,16,-271.6199,0.3376
CC(O)C1CN1,15,-287.66147,0.2983
CC(O)C1CO1,14,-307.54547,0.351
C1CC11CCC1,16,-234.47258,0.3562
C1CC11CCO1,14,-270.3943,0.3051
C1CC11COC1,14,-270.3898,0.3106
C1NC11COC1,13,-286.43115,0.3037
C1OC11CCC1,14,-270.39954,0.3343
C1OC11COC1,12,-306.31393,0.3209
C1C2CC1C=C2,14,-233.26016,0.2404
C1C2OC1C=C2,12,-269.17563,0.2354
C1C2CC1CC2,16,-234.49118,0.3879
C1C2CC1OC2,14,-270.40704,0.3339
C1C2CCC1O2,14,-270.4112,0.335
CC1C2CC1C2,16,-234.44774,0.3939
CC1C2CC1O2,14,-270.35956,0.3232
OC1C2CC1C2,14,-270.3751,0.3278
OC1C2CC1O2,12,-306.28632,0.3019
C1CC=CCO1,14,-270.43582,0.2671
C1CCC=CC1,16,-234.52063,0.268
C1COC=NC1,13,-286.50455,0.2732
C1CCCCC1,18,-235.7295,0.3783
C1CCOCC1,16,-271.64627,0.3324
C1COCCO1,14,-307.56073,0.3304
C1COCOC1,14,-307.56876,0.3513
C1CC2CCC12,16,-234.47092,0.3476
C1CC2OCC12,14,-270.39374,0.3159
C1OC2COC12,12,-306.31314,0.3068
CC1C2CCC12,16,-234.46938,0.3413
CC1C2COC12,14,-270.38495,0.3148
OC1C2CCC12,14,-270.39447,0.3221
OC1C2COC12,12,-306.30847,0.2971
C1C2CC=CC12,14,-233.29362,0.2495
C1C2OC=NC12,11,-285.28,0.2608
C1C=CC2NC12,13,-249.332,0.247
C1C=CC2OC12,12,-269.2157,0.2477
C1C2CCCC12,16,-234.50308,0.3524
C1C2CCOC12,14,-270.41785,0.3186
C1C2COCC12,14,-270.4224,0.3407
C1C2OCOC12,12,-306.33484,0.3209
C1CC2OC2C1,14,-270.43085,0.3533
C1OCC2NC12,13,-286.46063,0.3149
C1OCC2OC12,12,-306.3441,0.3521
N=C1OC2CC12,11,-285.25555,0.2804
O=C1CC2CC12,12,-269.22156,0.2329
O=C1CC2CN12,11,-285.26715,0.2378
O=C1CC2NC12,11,-285.25388,0.2224
O=C1CC2OC12,10,-305.1345,0.2179
O=C1CN2CC12,11,-285.2559,0.225
O=C1NC2CC12,11,-285.27924,0.2561
O=C1OC2CC12,10,-305.1592,0.2794
CC1CC2CC12,16,-234.47081,0.3435
CC1CC2OC12,14,-270.39432,0.3397
CC1OC2CC12,14,-270.38937,0.3204
OC1CC2CC12,14,-270.39645,0.3269
OC1CC2NC12,13,-286.43845,0.3133
OC1CC2OC12,12,-306.32047,0.3294
OC1CN2CC12,13,-286.43253,0.2971
C1C2C3CC2C13,14,-233.21748,0.3958
C1C2C3CN2C13,13,-249.24867,0.324
C1C2C3OC2C13,12,-269.12958,0.3099
N1C2C3NC2C13,12,-265.28384,0.2876
N1C2C3OC2C13,11,-285.1607,0.2929
O1C2C3OC2C13,10,-305.03665,0.2942
C1CC1C1CC1,16,-234.46939,0.3399
C1CC1C1CO1,14,-270.3927,0.3534
C1CC1N1CC1,15,-250.50002,0.3114
C1NC1C1CN1,14,-266.55316,0.3032
C1NC1C1CO1,13,-286.43204,0.3238
C1OC1C1CO1,12,-306.3136,0.3373
C1C2C1C1CC21,14,-233.21913,0.2941
C1C2C1C1NC21,13,-249.25941,0.2857
C1C2C1C1OC21,12,-269.14465,0.2952
C1C2C1N1CC21,13,-249.25763,0.2917
N1C2C1C1NC21,12,-265.28903,0.2717
N1C2C1C1OC21,11,-285.174,0.2785
O1C2C1C1OC21,10,-305.05734,0.2955
C1C2C3C1CN23,13,-249.28047,0.3294
C1C2C3CC1C23,14,-233.24225,0.3515
C1C2C3CC1N23,13,-249.2921,0.3314
C1C2C3CN1C23,13,-249.26947,0.3121
C1C2C3OC1C23,12,-269.15494,0.3137
C12C3C1C1C2C31,12,-231.97565,0.3092
C12C3C1N1C2C31,11,-248.01857,0.2821
C1=CN=NC=C1,10,-264.2269,0.1826
C1=CN=NN=C1,9,-280.24835,0.186
C1=NN=CN=N1,8,-296.28546,0.1355
C1=NN=NC=N1,8,-296.29648,0.1627
C1=NN=NN=C1,8,-296.26562,0.166
CC1=CC=NN1,12,-265.44067,0.2577
CC1=CC=NO1,11,-285.2939,0.2456
CC1=CN=NN1,11,-281.47684,0.2527
CC1=CN=NO1,10,-301.33563,0.2351
CC1=CNN=C1,12,-265.4379,0.2601
CC1=CNN=N1,11,-281.47693,0.2526
CC1=CON=C1,11,-285.2884,0.247
CC1=CON=N1,10,-301.33258,0.2326
CC1=NC=NN1,11,-281.50507,0.2675
CC1=NC=NO1,10,-301.35928,0.2639
CC1=NNC=C1,12,-265.441,0.2689
CC1=NNC=N1,11,-281.50473,0.27
CC1=NNN=C1,11,-281.48294,0.2596
CC1=NNN=N1,10,-297.5236,0.264
CC1=NOC=C1,11,-285.2922,0.2566
CC1=NOC=N1,10,-301.35754,0.2687
CC1=NON=C1,10,-301.3164,0.26
CC1=NON=N1,9,-317.3611,0.25
CN1C=CC=N1,12,-265.43304,0.2625
CN1C=CN=N1,11,-281.46988,0.2591
CN1C=NC=N1,11,-281.49524,0.2716
CN1C=NN=C1,11,-281.48288,0.2659
CN1C=NN=N1,10,-297.5108,0.2678
CN1N=CC=N1,11,-281.47696,0.2577
CN1N=CN=N1,10,-297.51642,0.2662
CN1N=NN=N1,9,-313.53723,0.2723
NC1=CC=NN1,11,-281.48553,0.244
NC1=CC=NO1,10,-301.34357,0.2307
NC1=CN=NN1,10,-297.521,0.236
NC1=CN=NO1,9,-317.38647,0.2167
NC1=CNN=C1,11,-281.4806,0.2257
NC1=CNN=N1,10,-297.5236,0.217
NC1=CON=C1,10,-301.33075,0.2138
NC1=CON=N1,9,-317.3774,0.1965
NC1=NC=NN1,10,-297.5547,0.255
NC1=NC=NO1,9,-317.41388,0.249
NC1=NNC=C1,11,-281.48917,0.2353
NC1=NNC=N1,10,-297.5558,0.2332
NC1=NNN=C1,10,-297.53033,0.2241
NC1=NNN=N1,9,-313.57388,0.2194
NC1=NOC=C1,10,-301.3413,0.2357
NC1=NOC=N1,9,-317.40952,0.2309
NC1=NON=C1,9,-317.36453,0.2173
NC1=NON=N1,8,-333.41132,0.2038
O=C1NC=NN1,9,-317.44766,0.2421
O=C1NC=NO1,8,-337.30234,0.2527
O=C1NN=NN1,8,-333.46405,0.2325
O=C1NN=NO1,7,-353.32114,0.2397
O=C1OC=NO1,7,-357.17172,0.2672
O=C1ON=NO1,6,-373.17392,0.2469
OC1=CC=NN1,10,-301.3636,0.258
OC1=CNN=C1,10,-301.35742,0.2369
OC1=CNN=N1,9,-317.40283,0.2284
OC1=NC=NN1,9,-317.43442,0.2703
OC1=NNC=C1,10,-301.36926,0.2478
OC1=NNC=N1,9,-317.43304,0.2475
OC1=NNN=C1,9,-317.40854,0.2377
OC1=NNN=N1,8,-333.44937,0.2378
OC1=NOC=C1,9,-321.21967,0.2518
OC1=NOC=N1,8,-337.2839,0.2469
OC1=NON=N1,7,-353.28345,0.2227
CC#CC(C)=NO,14,-324.5193,0.2034
CC(CC#C)=NO,14,-324.50613,0.2556
CC(CC#N)=NO,13,-340.6137,0.2536
CC(CC=O)=NO,14,-361.6849,0.2077
CC(CCO)=NO,16,-362.87152,0.2523
CCCC(C)=NO,18,-326.95117,0.256
COCC(C)=NO,16,-362.86273,0.2552
CC(=NO)C(C)=NO,16,-416.98883,0.1952
CC(=NO)C(N)=O,13,-377.77344,0.215
CC(C)C(C)=NO,18,-326.95108,0.2581
CC(O)C(C)=NO,16,-362.8753,0.255
CC1CC(C1)=NO,16,-325.72998,0.2496
CN1CC(C1)=NO,15,-341.7594,0.2255
ON=C1CC(O)C1,14,-361.65332,0.2488
ON=C(C#C)C#C,10,-322.05774,0.1816
CCC(=NO)C#C,14,-324.50537,0.2072
OCC(=NO)C#C,12,-360.42172,0.2056
CCC(CC)=NO,18,-326.94952,0.2545
CCC(CO)=NO,16,-362.8727,0.2553
CC1CCC1=NO,16,-325.72992,0.2499
CC1NCC1=NO,15,-341.7676,0.2331
CC1OCC1=NO,14,-361.64832,0.2454
ON=C1CCC1O,14,-361.65225,0.2483
ON=C1CC=CC1,14,-324.55014,0.2457
ON=C1CCC=C1,14,-324.55508,0.1929
ON=C1CNC=C1,13,-340.60178,0.1751
ON=C1CCCC1,16,-325.75842,0.2505
ON=C1CCOC1,14,-361.67337,0.2511
CC(=NO)C1CC1,16,-325.72806,0.2442
CC(=NO)C1CN1,15,-341.76974,0.2333
CC(=NO)C1CO1,14,-361.6501,0.2432
ON=C1CC2CC12,14,-324.50244,0.2464
ON=C1CC2NC12,13,-340.53638,0.2402
ON=C1CC2OC12,12,-360.41855,0.2485
ON=C1CN2CC12,13,-340.5375,0.2344
FC(F)(F)C#C,7,-414.35165,0.3188
FC(F)(F)C#N,6,-430.44806,0.3587
FC(F)(F)C=O,7,-451.52896,0.2243
NCC(F)(F)F,10,-432.85287,0.3268
OCC(F)(F)F,9,-452.72803,0.3488
CCC(F)(F)F,11,-416.81488,0.4465
CC1=CC(C)=CN1,16,-288.691,0.2421
CC1=CC(C)=CO1,15,-308.56204,0.2359
CC1=CC(N)=CN1,15,-304.73422,0.2239
CC1=CC(N)=CO1,14,-324.60562,0.22
CC1=CC(O)=CN1,14,-324.61218,0.229
CC1=CC(O)=CO1,13,-344.4821,0.2243
CC1=CNC(N)=C1,15,-304.73535,0.2383
CC1=CNC(O)=C1,14,-324.6142,0.2458
CC1=CNC(O)=N1,13,-340.68613,0.2542
CC1=COC(N)=C1,14,-324.60837,0.2261
CC1=COC(N)=N1,13,-340.67896,0.2377
CC1=COC(O)=N1,12,-360.5533,0.2473
CC1=NC(C)=CN1,15,-304.75577,0.2457
CC1=NC(C)=CO1,14,-324.6277,0.2414
CC1=NC(N)=CO1,13,-340.67474,0.2145
CC1=NC(O)=CN1,13,-340.68384,0.2263
CC1=NC(O)=CO1,12,-360.55402,0.2221
NC1=CC(N)=CN1,14,-320.77863,0.225
NC1=CC(N)=CO1,13,-340.65225,0.2213
NC1=CC(O)=CN1,13,-340.6566,0.2293
NC1=CC(O)=CO1,12,-360.5289,0.2232
NC1=CNC(O)=C1,13,-340.6575,0.2342
NC1=CNC(O)=N1,12,-356.7328,0.2361
NC1=COC(O)=N1,11,-376.60095,0.2299
NC1=NC(N)=CO1,12,-356.72614,0.2236
NC1=NC(O)=CN1,12,-356.73218,0.2281
NC1=NC(O)=CO1,11,-376.60565,0.2288
OC1=CC(O)=CN1,12,-360.53516,0.2362
OC1=NC(O)=CN1,11,-376.6132,0.2431
CC1=CC=C(C)N1,16,-288.69293,0.2342
CC1=CC=C(C)O1,15,-308.56592,0.2289
CC1=CC=C(N)N1,15,-304.73718,0.2317
CC1=CC=C(N)O1,14,-324.61157,0.2186
CC1=CC=C(O)N1,14,-324.61578,0.2364
CC1=CN=C(C)O1,14,-324.62906,0.2372
CC1=CN=C(N)O1,13,-340.67972,0.2315
CC1=CN=C(O)N1,13,-340.6854,0.2474
CC1=CN=C(O)O1,12,-360.5574,0.2425
CC1=NC=C(N)O1,13,-340.67398,0.2217
CC1=NC=C(O)N1,13,-340.67645,0.2404
NC1=CC=C(N)N1,14,-320.7811,0.2327
NC1=CC=C(N)O1,13,-340.6562,0.2189
NC1=CC=C(O)N1,13,-340.6596,0.2395
NC1=CC=C(O)O1,12,-360.5342,0.227
NC1=CN=C(N)O1,12,-356.72403,0.232
NC1=CN=C(O)N1,12,-356.7287,0.2464
NC1=CN=C(O)O1,11,-376.60217,0.2432
OC1=CC=C(O)N1,12,-360.53696,0.2363
OC1=CN=C(O)N1,11,-376.60535,0.2479
CC1=CNC(=O)N1,13,-340.7029,0.2337
CC1=CNC(=O)O1,12,-360.57645,0.2397
CC1=COC(=O)N1,12,-360.57446,0.2418
CC1=COC(=O)O1,11,-380.44687,0.2538
NC1=CNC(=O)N1,12,-356.74576,0.2338
NC1=CNC(=O)O1,11,-376.62085,0.2378
NC1=COC(=O)N1,11,-376.61765,0.2427
NC1=COC(=O)O1,10,-396.49152,0.2512
OC1=CNC(=O)N1,11,-376.6225,0.2345
OC1=CNC(=O)O1,10,-396.4982,0.2489
OC1=COC(=O)O1,9,-416.3673,0.2605
CN1C=CC(C)=C1,16,-288.681,0.2455
CN1C=CC(N)=C1,15,-304.72443,0.2244
CN1C=CC(O)=C1,14,-324.60245,0.2317
CN1C=NC(C)=C1,15,-304.74393,0.249
CN1C=NC(N)=C1,14,-320.79135,0.2207
CN1C=NC(O)=C1,13,-340.67242,0.229
O=C1C=CNC=C1,12,-323.43326,0.2043
O=C1C=CNC=N1,11,-339.489,0.2039
O=C1C=COC=C1,11,-343.29654,0.1998
O=C1C=COC=N1,10,-359.35458,0.2076
O=C1N=COC=N1,9,-375.41034,0.2136
N=C1OC=CC=C1,12,-323.408,0.167
N=C1OC=CC=N1,11,-339.456,0.1678
N=C1OC=CN=C1,11,-339.45007,0.164
N=C1OC=NC=C1,11,-339.46588,0.1815
N=C1OC=NC=N1,10,-355.51678,0.1854
O=C1NC=CC=C1,12,-323.44897,0.1783
O=C1NC=CC=N1,11,-339.49875,0.1806
O=C1NC=CN=C1,11,-339.48987,0.1713
O=C1NC=NC=C1,11,-339.5041,0.1966
O=C1NC=NC=N1,10,-355.55682,0.1996
O=C1OC=CC=C1,11,-343.3122,0.1788
O=C1OC=CC=N1,10,-359.36127,0.1844
O=C1OC=CN=C1,10,-359.3514,0.1722
O=C1OC=NC=C1,10,-359.36905,0.1966
O=C1OC=NC=N1,9,-375.4208,0.2008
CC1=CC=CC=C1,15,-271.4586,0.2407
CC1=CC=NC=C1,14,-287.5072,0.2312
CC1=CN=CC=C1,14,-287.5064,0.2272
CC1=CN=CC=N1,13,-303.55322,0.1969
CC1=CN=CN=C1,13,-303.55685,0.2099
CC1=NC=CC=C1,14,-287.5088,0.2276
CC1=NC=CC=N1,13,-303.5609,0.2082
CC1=NC=CN=C1,13,-303.55322,0.1969
CC1=NC=NC=C1,13,-303.56036,0.2122
CC1=NC=NC=N1,12,-319.61514,0.2184
NC1=CC=CC=C1,14,-287.5093,0.2077
NC1=CN=CC=C1,13,-303.55667,0.1987
NC1=CN=CC=N1,12,-319.6107,0.1881
NC1=CN=CN=C1,12,-319.60675,0.1943
NC1=NC=CC=C1,13,-303.56644,0.2008
NC1=NC=CC=N1,12,-319.62442,0.1989
NC1=NC=CN=C1,12,-319.6107,0.1881
NC1=NC=NC=C1,12,-319.62155,0.218
NC1=NC=NC=N1,11,-335.6831,0.2191
OC1=CC=CC=C1,13,-307.38766,0.2201
OC1=CC=NC=C1,12,-323.43777,0.2417
OC1=CN=CC=C1,12,-323.43356,0.2118
OC1=CN=CC=N1,11,-339.4913,0.2013
OC1=CN=CN=C1,11,-339.4829,0.2084
OC1=NC=CC=C1,12,-323.44882,0.2133
OC1=NC=CC=N1,11,-339.50137,0.2146
OC1=NC=CN=C1,11,-339.4913,0.2013
OC1=NC=NC=C1,11,-339.50177,0.2284
OC1=NC=NC=N1,10,-355.55707,0.2238
CC1=C(C)C=CN1,16,-288.69006,0.2415
CC1=C(C)C=CO1,15,-308.56107,0.2348
CC1=C(C)N=CN1,15,-304.7526,0.2443
CC1=C(C)N=CO1,14,-324.625,0.2382
CC1=C(N)C=CN1,15,-304.73337,0.2267
CC1=C(N)C=CO1,14,-324.6044,0.2175
CC1=C(N)N=CO1,13,-340.67148,0.2099
CC1=C(N)NC=C1,15,-304.73523,0.248
CC1=C(N)OC=C1,14,-324.6066,0.2209
CC1=C(N)OC=N1,13,-340.67004,0.2398
CC1=C(O)C=CN1,14,-324.61252,0.2278
CC1=C(O)C=CO1,13,-344.4819,0.2208
CC1=C(O)N=CN1,13,-340.6813,0.224
CC1=C(O)N=CO1,12,-360.55145,0.2168
CC1=C(O)NC=C1,14,-324.61316,0.2353
CC1=C(O)NC=N1,13,-340.67395,0.2407
NC1=C(N)C=CO1,13,-340.652,0.2168
NC1=C(N)N=CO1,12,-356.7161,0.2186
NC1=C(O)C=CN1,13,-340.65665,0.2349
NC1=C(O)C=CO1,12,-360.5256,0.2153
NC1=C(O)N=CN1,12,-356.72507,0.2308
NC1=C(O)N=CO1,11,-376.59406,0.2146
NC1=C(O)NC=C1,13,-340.659,0.2392
NC1=C(O)NC=N1,12,-356.7225,0.2385
NC1=C(O)OC=C1,12,-360.52664,0.2165
OC1=C(O)C=CN1,12,-360.53308,0.232
OC1=C(O)N=CN1,11,-376.59967,0.2198
CC1=CNC=C1C,16,-288.68893,0.2512
CC1=CNC=C1N,15,-304.73233,0.2329
CC1=CNC=C1O,14,-324.61023,0.2382
CC1=COC=C1C,15,-308.55786,0.243
CC1=COC=C1N,14,-324.60162,0.2272
NC1=CNC=C1N,14,-320.7763,0.2348
NC1=CNC=C1O,13,-340.65512,0.23
NC1=COC=C1N,13,-340.646,0.2312
OC1=CNC=C1O,12,-360.5312,0.2395
CN1C=CC=C1C,16,-288.6823,0.2421
CN1C=CC=C1N,15,-304.72745,0.2363
CN1C=CC=C1O,14,-324.60605,0.24
CN1C=CN=C1C,15,-304.7445,0.2471
CN1C=CN=C1O,13,-340.6758,0.2485
CN1C=NC=C1C,15,-304.74283,0.2483
CN1C=NC=C1O,13,-340.6649,0.2454
CN1C=CNC1=O,13,-340.6934,0.2293
CN1C=COC1=O,12,-360.56424,0.2355
C#CC1=CC=CN1,12,-286.24844,0.202
C#CC1=CC=CO1,11,-306.11353,0.1969
C#CC1=CN=CN1,11,-302.30618,0.208
C#CC1=CN=CO1,10,-322.17264,0.203
C#CC1=NC=CN1,11,-302.3039,0.2049
C#CC1=NC=CO1,10,-322.1697,0.2013
N#CC1=CC=CN1,11,-302.35394,0.2101
N#CC1=CC=CO1,10,-322.21622,0.2057
N#CC1=CN=CN1,10,-318.4098,0.2175
N#CC1=CN=CO1,9,-338.27316,0.214
N#CC1=NC=CN1,10,-318.40652,0.2111
N#CC1=NC=CO1,9,-338.26898,0.208
C#CC1=CNC=C1,12,-286.2469,0.2222
C#CC1=CNC=N1,11,-302.3038,0.2231
C#CC1=COC=C1,11,-306.11215,0.2173
C#CC1=COC=N1,10,-322.17056,0.2184
N#CC1=CNC=C1,11,-302.355,0.2296
N#CC1=CNC=N1,10,-318.40967,0.2339
N#CC1=COC=C1,10,-322.21756,0.224
N#CC1=COC=N1,9,-338.27356,0.2302
O=CC1=CC=CN1,12,-323.42868,0.1863
O=CC1=CC=CO1,11,-343.2928,0.1894
